state,year,white_footed_mouse_occurrence_records,species,note
Alabama,1995,14,Peromyscus leucopus,"GBIF occurrence records, not population counts"
Alabama,2004,1,Peromyscus leucopus,"GBIF occurrence records, not population counts"
Alabama,2005,81,Peromyscus leucopus,"GBIF occurrence records, not population counts"
Alabama,2006,23,Peromyscus leucopus,"GBIF occurrence records, not population counts"
Alabama,2009,8,Peromyscus leucopus,"GBIF occurrence records, not population counts"
Alabama,2014,33,Peromyscus leucopus,"GBIF occurrence records, not population counts"
Alabama,2015,1,Peromyscus leucopus,"GBIF occurrence records, not population counts"
Alabama,2016,96,Peromyscus leucopus,"GBIF occurrence records, not population counts"
Alabama,2017,94,Peromyscus leucopus,"GBIF occurrence records, not population counts"
Alabama,2018,144,Peromyscus leucopus,"GBIF occurrence records, not population counts"
Alabama,2019,49,Peromyscus leucopus,"GBIF occurrence records, not population counts"
Alabama,2020,1,Peromyscus leucopus,"GBIF occurrence records, not population counts"
Alabama,2021,88,Peromyscus leucopus,"GBIF occurrence records, not population counts"
Alabama,2022,13,Peromyscus leucopus,"GBIF occurrence records, not population counts"
Alabama,2023,105,Peromyscus leucopus,"GBIF occurrence records, not population counts"
Arizona,1992,5,Peromyscus leucopus,"GBIF occurrence records, not population counts"
Arizona,1994,3,Peromyscus leucopus,"GBIF occurrence records, not population counts"
Arizona,1995,16,Peromyscus leucopus,"GBIF occurrence records, not population counts"
Arizona,1996,12,Peromyscus leucopus,"GBIF occurrence records, not population counts"
Arizona,1997,17,Peromyscus leucopus,"GBIF occurrence records, not population counts"
Arizona,1998,11,Peromyscus leucopus,"GBIF occurrence records, not population counts"
Arizona,1999,44,Peromyscus leucopus,"GBIF occurrence records, not population counts"
Arizona,2000,6,Peromyscus leucopus,"GBIF occurrence records, not population counts"
Arizona,2001,4,Peromyscus leucopus,"GBIF occurrence records, not population counts"
Arizona,2003,5,Peromyscus leucopus,"GBIF occurrence records, not population counts"
Arizona,2016,1,Peromyscus leucopus,"GBIF occurrence records, not population counts"
Arizona,2017,1,Peromyscus leucopus,"GBIF occurrence records, not population counts"
Arizona,2019,3,Peromyscus leucopus,"GBIF occurrence records, not population counts"
Arizona,2021,1,Peromyscus leucopus,"GBIF occurrence records, not population counts"
Arizona,2022,25,Peromyscus leucopus,"GBIF occurrence records, not population counts"
Arizona,2023,13,Peromyscus leucopus,"GBIF occurrence records, not population counts"
Arkansas,1992,1,Peromyscus leucopus,"GBIF occurrence records, not population counts"
Arkansas,1994,14,Peromyscus leucopus,"GBIF occurrence records, not population counts"
Arkansas,1995,10,Peromyscus leucopus,"GBIF occurrence records, not population counts"
Arkansas,1996,2,Peromyscus leucopus,"GBIF occurrence records, not population counts"
Arkansas,1998,3,Peromyscus leucopus,"GBIF occurrence records, not population counts"
Arkansas,1999,58,Peromyscus leucopus,"GBIF occurrence records, not population counts"
Arkansas,2000,5,Peromyscus leucopus,"GBIF occurrence records, not population counts"
Arkansas,2020,1,Peromyscus leucopus,"GBIF occurrence records, not population counts"
Arkansas,2021,1,Peromyscus leucopus,"GBIF occurrence records, not population counts"
Arkansas,2023,1,Peromyscus leucopus,"GBIF occurrence records, not population counts"
California,1992,1,Peromyscus leucopus,"GBIF occurrence records, not population counts"
Colorado,1992,9,Peromyscus leucopus,"GBIF occurrence records, not population counts"
Colorado,1993,5,Peromyscus leucopus,"GBIF occurrence records, not population counts"
Colorado,1994,7,Peromyscus leucopus,"GBIF occurrence records, not population counts"
Colorado,1996,5,Peromyscus leucopus,"GBIF occurrence records, not population counts"
Colorado,1997,13,Peromyscus leucopus,"GBIF occurrence records, not population counts"
Colorado,1998,24,Peromyscus leucopus,"GBIF occurrence records, not population counts"
Colorado,2006,1,Peromyscus leucopus,"GBIF occurrence records, not population counts"
Colorado,2007,3,Peromyscus leucopus,"GBIF occurrence records, not population counts"
Connecticut,1993,1,Peromyscus leucopus,"GBIF occurrence records, not population counts"
Connecticut,2002,4,Peromyscus leucopus,"GBIF occurrence records, not population counts"
Connecticut,2003,2,Peromyscus leucopus,"GBIF occurrence records, not population counts"
Connecticut,2004,5,Peromyscus leucopus,"GBIF occurrence records, not population counts"
Connecticut,2005,2,Peromyscus leucopus,"GBIF occurrence records, not population counts"
Connecticut,2006,3,Peromyscus leucopus,"GBIF occurrence records, not population counts"
Connecticut,2007,11,Peromyscus leucopus,"GBIF occurrence records, not population counts"
Connecticut,2008,14,Peromyscus leucopus,"GBIF occurrence records, not population counts"
Connecticut,2009,4,Peromyscus leucopus,"GBIF occurrence records, not population counts"
Connecticut,2014,1,Peromyscus leucopus,"GBIF occurrence records, not population counts"
Connecticut,2015,15,Peromyscus leucopus,"GBIF occurrence records, not population counts"
Connecticut,2016,12,Peromyscus leucopus,"GBIF occurrence records, not population counts"
Connecticut,2017,3,Peromyscus leucopus,"GBIF occurrence records, not population counts"
Connecticut,2018,3,Peromyscus leucopus,"GBIF occurrence records, not population counts"
Connecticut,2019,2,Peromyscus leucopus,"GBIF occurrence records, not population counts"
Connecticut,2020,16,Peromyscus leucopus,"GBIF occurrence records, not population counts"
Connecticut,2021,9,Peromyscus leucopus,"GBIF occurrence records, not population counts"
Connecticut,2022,38,Peromyscus leucopus,"GBIF occurrence records, not population counts"
Connecticut,2023,31,Peromyscus leucopus,"GBIF occurrence records, not population counts"
Delaware,2016,1,Peromyscus leucopus,"GBIF occurrence records, not population counts"
Delaware,2019,2,Peromyscus leucopus,"GBIF occurrence records, not population counts"
Delaware,2020,2,Peromyscus leucopus,"GBIF occurrence records, not population counts"
Delaware,2021,1,Peromyscus leucopus,"GBIF occurrence records, not population counts"
Delaware,2022,5,Peromyscus leucopus,"GBIF occurrence records, not population counts"
Delaware,2023,12,Peromyscus leucopus,"GBIF occurrence records, not population counts"
District of Columbia,1994,3,Peromyscus leucopus,"GBIF occurrence records, not population counts"
District of Columbia,2020,2,Peromyscus leucopus,"GBIF occurrence records, not population counts"
District of Columbia,2023,1,Peromyscus leucopus,"GBIF occurrence records, not population counts"
Florida,1993,1,Peromyscus leucopus,"GBIF occurrence records, not population counts"
Georgia,1992,7,Peromyscus leucopus,"GBIF occurrence records, not population counts"
Georgia,1994,24,Peromyscus leucopus,"GBIF occurrence records, not population counts"
Georgia,1995,23,Peromyscus leucopus,"GBIF occurrence records, not population counts"
Georgia,1997,3,Peromyscus leucopus,"GBIF occurrence records, not population counts"
Georgia,2014,1,Peromyscus leucopus,"GBIF occurrence records, not population counts"
Georgia,2017,2,Peromyscus leucopus,"GBIF occurrence records, not population counts"
Georgia,2018,1,Peromyscus leucopus,"GBIF occurrence records, not population counts"
Georgia,2019,9,Peromyscus leucopus,"GBIF occurrence records, not population counts"
Georgia,2020,15,Peromyscus leucopus,"GBIF occurrence records, not population counts"
Georgia,2021,7,Peromyscus leucopus,"GBIF occurrence records, not population counts"
Georgia,2022,13,Peromyscus leucopus,"GBIF occurrence records, not population counts"
Georgia,2023,13,Peromyscus leucopus,"GBIF occurrence records, not population counts"
Illinois,1993,1,Peromyscus leucopus,"GBIF occurrence records, not population counts"
Illinois,1994,67,Peromyscus leucopus,"GBIF occurrence records, not population counts"
Illinois,1995,211,Peromyscus leucopus,"GBIF occurrence records, not population counts"
Illinois,1996,88,Peromyscus leucopus,"GBIF occurrence records, not population counts"
Illinois,1997,1,Peromyscus leucopus,"GBIF occurrence records, not population counts"
Illinois,1998,4,Peromyscus leucopus,"GBIF occurrence records, not population counts"
Illinois,1999,40,Peromyscus leucopus,"GBIF occurrence records, not population counts"
Illinois,2001,1,Peromyscus leucopus,"GBIF occurrence records, not population counts"
Illinois,2002,1,Peromyscus leucopus,"GBIF occurrence records, not population counts"
Illinois,2003,1,Peromyscus leucopus,"GBIF occurrence records, not population counts"
Illinois,2004,11,Peromyscus leucopus,"GBIF occurrence records, not population counts"
Illinois,2007,1,Peromyscus leucopus,"GBIF occurrence records, not population counts"
Illinois,2008,4,Peromyscus leucopus,"GBIF occurrence records, not population counts"
Illinois,2009,1,Peromyscus leucopus,"GBIF occurrence records, not population counts"
Illinois,2010,8,Peromyscus leucopus,"GBIF occurrence records, not population counts"
Illinois,2011,8,Peromyscus leucopus,"GBIF occurrence records, not population counts"
Illinois,2012,2,Peromyscus leucopus,"GBIF occurrence records, not population counts"
Illinois,2013,7,Peromyscus leucopus,"GBIF occurrence records, not population counts"
Illinois,2014,188,Peromyscus leucopus,"GBIF occurrence records, not population counts"
Illinois,2015,2,Peromyscus leucopus,"GBIF occurrence records, not population counts"
Illinois,2016,3,Peromyscus leucopus,"GBIF occurrence records, not population counts"
Illinois,2017,6,Peromyscus leucopus,"GBIF occurrence records, not population counts"
Illinois,2018,5,Peromyscus leucopus,"GBIF occurrence records, not population counts"
Illinois,2019,7,Peromyscus leucopus,"GBIF occurrence records, not population counts"
Illinois,2020,13,Peromyscus leucopus,"GBIF occurrence records, not population counts"
Illinois,2021,7,Peromyscus leucopus,"GBIF occurrence records, not population counts"
Illinois,2022,10,Peromyscus leucopus,"GBIF occurrence records, not population counts"
Illinois,2023,9,Peromyscus leucopus,"GBIF occurrence records, not population counts"
Indiana,1994,106,Peromyscus leucopus,"GBIF occurrence records, not population counts"
Indiana,1997,11,Peromyscus leucopus,"GBIF occurrence records, not population counts"
Indiana,2000,1,Peromyscus leucopus,"GBIF occurrence records, not population counts"
Indiana,2016,1,Peromyscus leucopus,"GBIF occurrence records, not population counts"
Indiana,2017,2,Peromyscus leucopus,"GBIF occurrence records, not population counts"
Indiana,2019,4,Peromyscus leucopus,"GBIF occurrence records, not population counts"
Indiana,2020,10,Peromyscus leucopus,"GBIF occurrence records, not population counts"
Indiana,2021,4,Peromyscus leucopus,"GBIF occurrence records, not population counts"
Indiana,2022,7,Peromyscus leucopus,"GBIF occurrence records, not population counts"
Indiana,2023,2,Peromyscus leucopus,"GBIF occurrence records, not population counts"
Iowa,1992,4,Peromyscus leucopus,"GBIF occurrence records, not population counts"
Iowa,1994,88,Peromyscus leucopus,"GBIF occurrence records, not population counts"
Iowa,1996,57,Peromyscus leucopus,"GBIF occurrence records, not population counts"
Iowa,1997,4,Peromyscus leucopus,"GBIF occurrence records, not population counts"
Iowa,1999,3,Peromyscus leucopus,"GBIF occurrence records, not population counts"
Iowa,2006,2,Peromyscus leucopus,"GBIF occurrence records, not population counts"
Iowa,2013,1,Peromyscus leucopus,"GBIF occurrence records, not population counts"
Iowa,2016,13,Peromyscus leucopus,"GBIF occurrence records, not population counts"
Iowa,2017,2,Peromyscus leucopus,"GBIF occurrence records, not population counts"
Iowa,2018,1,Peromyscus leucopus,"GBIF occurrence records, not population counts"
Iowa,2019,2,Peromyscus leucopus,"GBIF occurrence records, not population counts"
Iowa,2020,5,Peromyscus leucopus,"GBIF occurrence records, not population counts"
Iowa,2022,3,Peromyscus leucopus,"GBIF occurrence records, not population counts"
Iowa,2023,1,Peromyscus leucopus,"GBIF occurrence records, not population counts"
Kansas,1992,92,Peromyscus leucopus,"GBIF occurrence records, not population counts"
Kansas,1993,45,Peromyscus leucopus,"GBIF occurrence records, not population counts"
Kansas,1994,46,Peromyscus leucopus,"GBIF occurrence records, not population counts"
Kansas,1995,8,Peromyscus leucopus,"GBIF occurrence records, not population counts"
Kansas,1996,42,Peromyscus leucopus,"GBIF occurrence records, not population counts"
Kansas,1997,14,Peromyscus leucopus,"GBIF occurrence records, not population counts"
Kansas,1998,162,Peromyscus leucopus,"GBIF occurrence records, not population counts"
Kansas,1999,62,Peromyscus leucopus,"GBIF occurrence records, not population counts"
Kansas,2000,5,Peromyscus leucopus,"GBIF occurrence records, not population counts"
Kansas,2001,48,Peromyscus leucopus,"GBIF occurrence records, not population counts"
Kansas,2002,6,Peromyscus leucopus,"GBIF occurrence records, not population counts"
Kansas,2003,25,Peromyscus leucopus,"GBIF occurrence records, not population counts"
Kansas,2004,10,Peromyscus leucopus,"GBIF occurrence records, not population counts"
Kansas,2005,7,Peromyscus leucopus,"GBIF occurrence records, not population counts"
Kansas,2006,37,Peromyscus leucopus,"GBIF occurrence records, not population counts"
Kansas,2007,224,Peromyscus leucopus,"GBIF occurrence records, not population counts"
Kansas,2008,20,Peromyscus leucopus,"GBIF occurrence records, not population counts"
Kansas,2010,1,Peromyscus leucopus,"GBIF occurrence records, not population counts"
Kansas,2015,3,Peromyscus leucopus,"GBIF occurrence records, not population counts"
Kansas,2016,414,Peromyscus leucopus,"GBIF occurrence records, not population counts"
Kansas,2017,375,Peromyscus leucopus,"GBIF occurrence records, not population counts"
Kansas,2018,357,Peromyscus leucopus,"GBIF occurrence records, not population counts"
Kansas,2019,469,Peromyscus leucopus,"GBIF occurrence records, not population counts"
Kansas,2020,938,Peromyscus leucopus,"GBIF occurrence records, not population counts"
Kansas,2021,436,Peromyscus leucopus,"GBIF occurrence records, not population counts"
Kansas,2022,567,Peromyscus leucopus,"GBIF occurrence records, not population counts"
Kansas,2023,516,Peromyscus leucopus,"GBIF occurrence records, not population counts"
Kentucky,1992,91,Peromyscus leucopus,"GBIF occurrence records, not population counts"
Kentucky,1993,9,Peromyscus leucopus,"GBIF occurrence records, not population counts"
Kentucky,1994,69,Peromyscus leucopus,"GBIF occurrence records, not population counts"
Kentucky,1995,6,Peromyscus leucopus,"GBIF occurrence records, not population counts"
Kentucky,1996,42,Peromyscus leucopus,"GBIF occurrence records, not population counts"
Kentucky,1997,5,Peromyscus leucopus,"GBIF occurrence records, not population counts"
Kentucky,1998,20,Peromyscus leucopus,"GBIF occurrence records, not population counts"
Kentucky,1999,12,Peromyscus leucopus,"GBIF occurrence records, not population counts"
Kentucky,2007,1,Peromyscus leucopus,"GBIF occurrence records, not population counts"
Kentucky,2012,1,Peromyscus leucopus,"GBIF occurrence records, not population counts"
Kentucky,2016,1,Peromyscus leucopus,"GBIF occurrence records, not population counts"
Kentucky,2018,1,Peromyscus leucopus,"GBIF occurrence records, not population counts"
Kentucky,2019,20,Peromyscus leucopus,"GBIF occurrence records, not population counts"
Kentucky,2020,2,Peromyscus leucopus,"GBIF occurrence records, not population counts"
Kentucky,2021,2,Peromyscus leucopus,"GBIF occurrence records, not population counts"
Kentucky,2022,3,Peromyscus leucopus,"GBIF occurrence records, not population counts"
Kentucky,2023,4,Peromyscus leucopus,"GBIF occurrence records, not population counts"
Louisiana,1994,18,Peromyscus leucopus,"GBIF occurrence records, not population counts"
Louisiana,2002,2,Peromyscus leucopus,"GBIF occurrence records, not population counts"
Louisiana,2003,1,Peromyscus leucopus,"GBIF occurrence records, not population counts"
Louisiana,2004,3,Peromyscus leucopus,"GBIF occurrence records, not population counts"
Louisiana,2010,39,Peromyscus leucopus,"GBIF occurrence records, not population counts"
Louisiana,2011,3,Peromyscus leucopus,"GBIF occurrence records, not population counts"
Louisiana,2017,7,Peromyscus leucopus,"GBIF occurrence records, not population counts"
Maine,1993,86,Peromyscus leucopus,"GBIF occurrence records, not population counts"
Maine,1994,40,Peromyscus leucopus,"GBIF occurrence records, not population counts"
Maine,2009,3,Peromyscus leucopus,"GBIF occurrence records, not population counts"
Maine,2012,6,Peromyscus leucopus,"GBIF occurrence records, not population counts"
Maine,2016,1,Peromyscus leucopus,"GBIF occurrence records, not population counts"
Maine,2017,2,Peromyscus leucopus,"GBIF occurrence records, not population counts"
Maine,2018,2,Peromyscus leucopus,"GBIF occurrence records, not population counts"
Maine,2020,7,Peromyscus leucopus,"GBIF occurrence records, not population counts"
Maine,2021,10,Peromyscus leucopus,"GBIF occurrence records, not population counts"
Maine,2022,4,Peromyscus leucopus,"GBIF occurrence records, not population counts"
Maine,2023,12,Peromyscus leucopus,"GBIF occurrence records, not population counts"
Maryland,1994,27,Peromyscus leucopus,"GBIF occurrence records, not population counts"
Maryland,1996,11,Peromyscus leucopus,"GBIF occurrence records, not population counts"
Maryland,1997,54,Peromyscus leucopus,"GBIF occurrence records, not population counts"
Maryland,1998,3,Peromyscus leucopus,"GBIF occurrence records, not population counts"
Maryland,1999,9,Peromyscus leucopus,"GBIF occurrence records, not population counts"
Maryland,2001,2,Peromyscus leucopus,"GBIF occurrence records, not population counts"
Maryland,2002,1,Peromyscus leucopus,"GBIF occurrence records, not population counts"
Maryland,2004,2,Peromyscus leucopus,"GBIF occurrence records, not population counts"
Maryland,2010,1,Peromyscus leucopus,"GBIF occurrence records, not population counts"
Maryland,2013,2,Peromyscus leucopus,"GBIF occurrence records, not population counts"
Maryland,2014,2,Peromyscus leucopus,"GBIF occurrence records, not population counts"
Maryland,2015,48,Peromyscus leucopus,"GBIF occurrence records, not population counts"
Maryland,2016,182,Peromyscus leucopus,"GBIF occurrence records, not population counts"
Maryland,2017,118,Peromyscus leucopus,"GBIF occurrence records, not population counts"
Maryland,2018,295,Peromyscus leucopus,"GBIF occurrence records, not population counts"
Maryland,2019,253,Peromyscus leucopus,"GBIF occurrence records, not population counts"
Maryland,2020,20,Peromyscus leucopus,"GBIF occurrence records, not population counts"
Maryland,2021,423,Peromyscus leucopus,"GBIF occurrence records, not population counts"
Maryland,2022,373,Peromyscus leucopus,"GBIF occurrence records, not population counts"
Maryland,2023,380,Peromyscus leucopus,"GBIF occurrence records, not population counts"
Massachusetts,1993,3,Peromyscus leucopus,"GBIF occurrence records, not population counts"
Massachusetts,1994,14,Peromyscus leucopus,"GBIF occurrence records, not population counts"
Massachusetts,1995,9,Peromyscus leucopus,"GBIF occurrence records, not population counts"
Massachusetts,1996,19,Peromyscus leucopus,"GBIF occurrence records, not population counts"
Massachusetts,1997,1,Peromyscus leucopus,"GBIF occurrence records, not population counts"
Massachusetts,1998,9,Peromyscus leucopus,"GBIF occurrence records, not population counts"
Massachusetts,1999,7,Peromyscus leucopus,"GBIF occurrence records, not population counts"
Massachusetts,2000,8,Peromyscus leucopus,"GBIF occurrence records, not population counts"
Massachusetts,2001,8,Peromyscus leucopus,"GBIF occurrence records, not population counts"
Massachusetts,2002,7,Peromyscus leucopus,"GBIF occurrence records, not population counts"
Massachusetts,2004,1,Peromyscus leucopus,"GBIF occurrence records, not population counts"
Massachusetts,2005,3,Peromyscus leucopus,"GBIF occurrence records, not population counts"
Massachusetts,2006,3,Peromyscus leucopus,"GBIF occurrence records, not population counts"
Massachusetts,2007,17,Peromyscus leucopus,"GBIF occurrence records, not population counts"
Massachusetts,2008,5,Peromyscus leucopus,"GBIF occurrence records, not population counts"
Massachusetts,2009,2,Peromyscus leucopus,"GBIF occurrence records, not population counts"
Massachusetts,2010,1,Peromyscus leucopus,"GBIF occurrence records, not population counts"
Massachusetts,2011,7,Peromyscus leucopus,"GBIF occurrence records, not population counts"
Massachusetts,2012,2,Peromyscus leucopus,"GBIF occurrence records, not population counts"
Massachusetts,2013,116,Peromyscus leucopus,"GBIF occurrence records, not population counts"
Massachusetts,2014,293,Peromyscus leucopus,"GBIF occurrence records, not population counts"
Massachusetts,2015,7,Peromyscus leucopus,"GBIF occurrence records, not population counts"
Massachusetts,2016,134,Peromyscus leucopus,"GBIF occurrence records, not population counts"
Massachusetts,2017,166,Peromyscus leucopus,"GBIF occurrence records, not population counts"
Massachusetts,2018,266,Peromyscus leucopus,"GBIF occurrence records, not population counts"
Massachusetts,2019,127,Peromyscus leucopus,"GBIF occurrence records, not population counts"
Massachusetts,2020,782,Peromyscus leucopus,"GBIF occurrence records, not population counts"
Massachusetts,2021,1160,Peromyscus leucopus,"GBIF occurrence records, not population counts"
Massachusetts,2022,736,Peromyscus leucopus,"GBIF occurrence records, not population counts"
Massachusetts,2023,160,Peromyscus leucopus,"GBIF occurrence records, not population counts"
Michigan,1992,22,Peromyscus leucopus,"GBIF occurrence records, not population counts"
Michigan,1993,8,Peromyscus leucopus,"GBIF occurrence records, not population counts"
Michigan,1994,23,Peromyscus leucopus,"GBIF occurrence records, not population counts"
Michigan,1999,37,Peromyscus leucopus,"GBIF occurrence records, not population counts"
Michigan,2001,1,Peromyscus leucopus,"GBIF occurrence records, not population counts"
Michigan,2003,17,Peromyscus leucopus,"GBIF occurrence records, not population counts"
Michigan,2004,1,Peromyscus leucopus,"GBIF occurrence records, not population counts"
Michigan,2005,5,Peromyscus leucopus,"GBIF occurrence records, not population counts"
Michigan,2009,1,Peromyscus leucopus,"GBIF occurrence records, not population counts"
Michigan,2013,21,Peromyscus leucopus,"GBIF occurrence records, not population counts"
Michigan,2014,58,Peromyscus leucopus,"GBIF occurrence records, not population counts"
Michigan,2015,19,Peromyscus leucopus,"GBIF occurrence records, not population counts"
Michigan,2016,30,Peromyscus leucopus,"GBIF occurrence records, not population counts"
Michigan,2017,34,Peromyscus leucopus,"GBIF occurrence records, not population counts"
Michigan,2018,37,Peromyscus leucopus,"GBIF occurrence records, not population counts"
Michigan,2019,37,Peromyscus leucopus,"GBIF occurrence records, not population counts"
Michigan,2020,248,Peromyscus leucopus,"GBIF occurrence records, not population counts"
Michigan,2021,25,Peromyscus leucopus,"GBIF occurrence records, not population counts"
Michigan,2022,50,Peromyscus leucopus,"GBIF occurrence records, not population counts"
Michigan,2023,35,Peromyscus leucopus,"GBIF occurrence records, not population counts"
Minnesota,1992,1,Peromyscus leucopus,"GBIF occurrence records, not population counts"
Minnesota,1993,27,Peromyscus leucopus,"GBIF occurrence records, not population counts"
Minnesota,1994,10,Peromyscus leucopus,"GBIF occurrence records, not population counts"
Minnesota,1995,4,Peromyscus leucopus,"GBIF occurrence records, not population counts"
Minnesota,1996,3,Peromyscus leucopus,"GBIF occurrence records, not population counts"
Minnesota,1997,4,Peromyscus leucopus,"GBIF occurrence records, not population counts"
Minnesota,1998,132,Peromyscus leucopus,"GBIF occurrence records, not population counts"
Minnesota,1999,7,Peromyscus leucopus,"GBIF occurrence records, not population counts"
Minnesota,2000,1,Peromyscus leucopus,"GBIF occurrence records, not population counts"
Minnesota,2001,36,Peromyscus leucopus,"GBIF occurrence records, not population counts"
Minnesota,2002,9,Peromyscus leucopus,"GBIF occurrence records, not population counts"
Minnesota,2004,8,Peromyscus leucopus,"GBIF occurrence records, not population counts"
Minnesota,2005,12,Peromyscus leucopus,"GBIF occurrence records, not population counts"
Minnesota,2007,1,Peromyscus leucopus,"GBIF occurrence records, not population counts"
Minnesota,2013,19,Peromyscus leucopus,"GBIF occurrence records, not population counts"
Minnesota,2016,6,Peromyscus leucopus,"GBIF occurrence records, not population counts"
Minnesota,2017,2,Peromyscus leucopus,"GBIF occurrence records, not population counts"
Minnesota,2018,3,Peromyscus leucopus,"GBIF occurrence records, not population counts"
Minnesota,2019,8,Peromyscus leucopus,"GBIF occurrence records, not population counts"
Minnesota,2020,119,Peromyscus leucopus,"GBIF occurrence records, not population counts"
Minnesota,2021,56,Peromyscus leucopus,"GBIF occurrence records, not population counts"
Minnesota,2022,6,Peromyscus leucopus,"GBIF occurrence records, not population counts"
Minnesota,2023,1,Peromyscus leucopus,"GBIF occurrence records, not population counts"
Mississippi,1995,31,Peromyscus leucopus,"GBIF occurrence records, not population counts"
Mississippi,1998,91,Peromyscus leucopus,"GBIF occurrence records, not population counts"
Mississippi,2011,1,Peromyscus leucopus,"GBIF occurrence records, not population counts"
Mississippi,2019,1,Peromyscus leucopus,"GBIF occurrence records, not population counts"
Mississippi,2020,2,Peromyscus leucopus,"GBIF occurrence records, not population counts"
Mississippi,2021,1,Peromyscus leucopus,"GBIF occurrence records, not population counts"
Missouri,1992,2,Peromyscus leucopus,"GBIF occurrence records, not population counts"
Missouri,1993,113,Peromyscus leucopus,"GBIF occurrence records, not population counts"
Missouri,1994,123,Peromyscus leucopus,"GBIF occurrence records, not population counts"
Missouri,1996,36,Peromyscus leucopus,"GBIF occurrence records, not population counts"
Missouri,2004,4,Peromyscus leucopus,"GBIF occurrence records, not population counts"
Missouri,2005,2,Peromyscus leucopus,"GBIF occurrence records, not population counts"
Missouri,2014,1,Peromyscus leucopus,"GBIF occurrence records, not population counts"
Missouri,2015,3,Peromyscus leucopus,"GBIF occurrence records, not population counts"
Missouri,2016,7,Peromyscus leucopus,"GBIF occurrence records, not population counts"
Missouri,2019,2,Peromyscus leucopus,"GBIF occurrence records, not population counts"
Missouri,2021,16,Peromyscus leucopus,"GBIF occurrence records, not population counts"
Missouri,2022,3,Peromyscus leucopus,"GBIF occurrence records, not population counts"
Missouri,2023,7,Peromyscus leucopus,"GBIF occurrence records, not population counts"
Montana,1995,1,Peromyscus leucopus,"GBIF occurrence records, not population counts"
Montana,2002,6,Peromyscus leucopus,"GBIF occurrence records, not population counts"
Montana,2012,4,Peromyscus leucopus,"GBIF occurrence records, not population counts"
Na,1995,1,Peromyscus leucopus,"GBIF occurrence records, not population counts"
Nebraska,1992,179,Peromyscus leucopus,"GBIF occurrence records, not population counts"
Nebraska,1993,259,Peromyscus leucopus,"GBIF occurrence records, not population counts"
Nebraska,1994,179,Peromyscus leucopus,"GBIF occurrence records, not population counts"
Nebraska,1995,2,Peromyscus leucopus,"GBIF occurrence records, not population counts"
Nebraska,1996,58,Peromyscus leucopus,"GBIF occurrence records, not population counts"
Nebraska,1998,10,Peromyscus leucopus,"GBIF occurrence records, not population counts"
Nebraska,1999,141,Peromyscus leucopus,"GBIF occurrence records, not population counts"
Nebraska,2001,33,Peromyscus leucopus,"GBIF occurrence records, not population counts"
Nebraska,2002,6,Peromyscus leucopus,"GBIF occurrence records, not population counts"
Nebraska,2004,63,Peromyscus leucopus,"GBIF occurrence records, not population counts"
Nebraska,2005,1,Peromyscus leucopus,"GBIF occurrence records, not population counts"
Nebraska,2006,3,Peromyscus leucopus,"GBIF occurrence records, not population counts"
Nebraska,2007,32,Peromyscus leucopus,"GBIF occurrence records, not population counts"
Nebraska,2008,33,Peromyscus leucopus,"GBIF occurrence records, not population counts"
Nebraska,2011,3,Peromyscus leucopus,"GBIF occurrence records, not population counts"
Nebraska,2015,33,Peromyscus leucopus,"GBIF occurrence records, not population counts"
Nebraska,2016,1,Peromyscus leucopus,"GBIF occurrence records, not population counts"
Nebraska,2017,34,Peromyscus leucopus,"GBIF occurrence records, not population counts"
Nebraska,2019,1,Peromyscus leucopus,"GBIF occurrence records, not population counts"
Nebraska,2020,2,Peromyscus leucopus,"GBIF occurrence records, not population counts"
Nebraska,2021,2,Peromyscus leucopus,"GBIF occurrence records, not population counts"
Nebraska,2023,1,Peromyscus leucopus,"GBIF occurrence records, not population counts"
New Hampshire,2002,2,Peromyscus leucopus,"GBIF occurrence records, not population counts"
New Hampshire,2003,2,Peromyscus leucopus,"GBIF occurrence records, not population counts"
New Hampshire,2007,12,Peromyscus leucopus,"GBIF occurrence records, not population counts"
New Hampshire,2010,4,Peromyscus leucopus,"GBIF occurrence records, not population counts"
New Hampshire,2011,28,Peromyscus leucopus,"GBIF occurrence records, not population counts"
New Hampshire,2012,210,Peromyscus leucopus,"GBIF occurrence records, not population counts"
New Hampshire,2013,131,Peromyscus leucopus,"GBIF occurrence records, not population counts"
New Hampshire,2014,149,Peromyscus leucopus,"GBIF occurrence records, not population counts"
New Hampshire,2015,54,Peromyscus leucopus,"GBIF occurrence records, not population counts"
New Hampshire,2016,62,Peromyscus leucopus,"GBIF occurrence records, not population counts"
New Hampshire,2017,124,Peromyscus leucopus,"GBIF occurrence records, not population counts"
New Hampshire,2018,386,Peromyscus leucopus,"GBIF occurrence records, not population counts"
New Hampshire,2019,46,Peromyscus leucopus,"GBIF occurrence records, not population counts"
New Hampshire,2020,166,Peromyscus leucopus,"GBIF occurrence records, not population counts"
New Hampshire,2021,237,Peromyscus leucopus,"GBIF occurrence records, not population counts"
New Hampshire,2022,158,Peromyscus leucopus,"GBIF occurrence records, not population counts"
New Hampshire,2023,330,Peromyscus leucopus,"GBIF occurrence records, not population counts"
New Jersey,1996,13,Peromyscus leucopus,"GBIF occurrence records, not population counts"
New Jersey,1999,9,Peromyscus leucopus,"GBIF occurrence records, not population counts"
New Jersey,2009,1,Peromyscus leucopus,"GBIF occurrence records, not population counts"
New Jersey,2015,2,Peromyscus leucopus,"GBIF occurrence records, not population counts"
New Jersey,2016,1,Peromyscus leucopus,"GBIF occurrence records, not population counts"
New Jersey,2018,4,Peromyscus leucopus,"GBIF occurrence records, not population counts"
New Jersey,2019,1,Peromyscus leucopus,"GBIF occurrence records, not population counts"
New Jersey,2020,17,Peromyscus leucopus,"GBIF occurrence records, not population counts"
New Jersey,2021,9,Peromyscus leucopus,"GBIF occurrence records, not population counts"
New Jersey,2022,13,Peromyscus leucopus,"GBIF occurrence records, not population counts"
New Jersey,2023,16,Peromyscus leucopus,"GBIF occurrence records, not population counts"
New Mexico,1992,112,Peromyscus leucopus,"GBIF occurrence records, not population counts"
New Mexico,1993,109,Peromyscus leucopus,"GBIF occurrence records, not population counts"
New Mexico,1994,67,Peromyscus leucopus,"GBIF occurrence records, not population counts"
New Mexico,1995,68,Peromyscus leucopus,"GBIF occurrence records, not population counts"
New Mexico,1996,54,Peromyscus leucopus,"GBIF occurrence records, not population counts"
New Mexico,1997,240,Peromyscus leucopus,"GBIF occurrence records, not population counts"
New Mexico,1998,415,Peromyscus leucopus,"GBIF occurrence records, not population counts"
New Mexico,1999,105,Peromyscus leucopus,"GBIF occurrence records, not population counts"
New Mexico,2000,64,Peromyscus leucopus,"GBIF occurrence records, not population counts"
New Mexico,2001,37,Peromyscus leucopus,"GBIF occurrence records, not population counts"
New Mexico,2002,94,Peromyscus leucopus,"GBIF occurrence records, not population counts"
New Mexico,2003,23,Peromyscus leucopus,"GBIF occurrence records, not population counts"
New Mexico,2004,128,Peromyscus leucopus,"GBIF occurrence records, not population counts"
New Mexico,2005,38,Peromyscus leucopus,"GBIF occurrence records, not population counts"
New Mexico,2006,113,Peromyscus leucopus,"GBIF occurrence records, not population counts"
New Mexico,2007,41,Peromyscus leucopus,"GBIF occurrence records, not population counts"
New Mexico,2008,6,Peromyscus leucopus,"GBIF occurrence records, not population counts"
New Mexico,2009,5,Peromyscus leucopus,"GBIF occurrence records, not population counts"
New Mexico,2010,2,Peromyscus leucopus,"GBIF occurrence records, not population counts"
New Mexico,2012,27,Peromyscus leucopus,"GBIF occurrence records, not population counts"
New Mexico,2013,23,Peromyscus leucopus,"GBIF occurrence records, not population counts"
New Mexico,2014,37,Peromyscus leucopus,"GBIF occurrence records, not population counts"
New Mexico,2015,34,Peromyscus leucopus,"GBIF occurrence records, not population counts"
New Mexico,2016,10,Peromyscus leucopus,"GBIF occurrence records, not population counts"
New Mexico,2017,9,Peromyscus leucopus,"GBIF occurrence records, not population counts"
New Mexico,2018,56,Peromyscus leucopus,"GBIF occurrence records, not population counts"
New Mexico,2019,58,Peromyscus leucopus,"GBIF occurrence records, not population counts"
New Mexico,2020,17,Peromyscus leucopus,"GBIF occurrence records, not population counts"
New Mexico,2021,24,Peromyscus leucopus,"GBIF occurrence records, not population counts"
New Mexico,2022,53,Peromyscus leucopus,"GBIF occurrence records, not population counts"
New Mexico,2023,47,Peromyscus leucopus,"GBIF occurrence records, not population counts"
New York,1992,14,Peromyscus leucopus,"GBIF occurrence records, not population counts"
New York,1993,78,Peromyscus leucopus,"GBIF occurrence records, not population counts"
New York,1994,61,Peromyscus leucopus,"GBIF occurrence records, not population counts"
New York,1995,37,Peromyscus leucopus,"GBIF occurrence records, not population counts"
New York,1996,155,Peromyscus leucopus,"GBIF occurrence records, not population counts"
New York,1997,17,Peromyscus leucopus,"GBIF occurrence records, not population counts"
New York,1998,7,Peromyscus leucopus,"GBIF occurrence records, not population counts"
New York,1999,5,Peromyscus leucopus,"GBIF occurrence records, not population counts"
New York,2000,8,Peromyscus leucopus,"GBIF occurrence records, not population counts"
New York,2001,1,Peromyscus leucopus,"GBIF occurrence records, not population counts"
New York,2003,70,Peromyscus leucopus,"GBIF occurrence records, not population counts"
New York,2004,5,Peromyscus leucopus,"GBIF occurrence records, not population counts"
New York,2005,2,Peromyscus leucopus,"GBIF occurrence records, not population counts"
New York,2006,5,Peromyscus leucopus,"GBIF occurrence records, not population counts"
New York,2007,6,Peromyscus leucopus,"GBIF occurrence records, not population counts"
New York,2008,2,Peromyscus leucopus,"GBIF occurrence records, not population counts"
New York,2009,4,Peromyscus leucopus,"GBIF occurrence records, not population counts"
New York,2010,2,Peromyscus leucopus,"GBIF occurrence records, not population counts"
New York,2011,4,Peromyscus leucopus,"GBIF occurrence records, not population counts"
New York,2012,3,Peromyscus leucopus,"GBIF occurrence records, not population counts"
New York,2013,2,Peromyscus leucopus,"GBIF occurrence records, not population counts"
New York,2014,41,Peromyscus leucopus,"GBIF occurrence records, not population counts"
New York,2015,2,Peromyscus leucopus,"GBIF occurrence records, not population counts"
New York,2016,1,Peromyscus leucopus,"GBIF occurrence records, not population counts"
New York,2017,5,Peromyscus leucopus,"GBIF occurrence records, not population counts"
New York,2018,8,Peromyscus leucopus,"GBIF occurrence records, not population counts"
New York,2019,18,Peromyscus leucopus,"GBIF occurrence records, not population counts"
New York,2020,24,Peromyscus leucopus,"GBIF occurrence records, not population counts"
New York,2021,16,Peromyscus leucopus,"GBIF occurrence records, not population counts"
New York,2022,35,Peromyscus leucopus,"GBIF occurrence records, not population counts"
New York,2023,25,Peromyscus leucopus,"GBIF occurrence records, not population counts"
New mexico,1992,22,Peromyscus leucopus,"GBIF occurrence records, not population counts"
New york,1993,11,Peromyscus leucopus,"GBIF occurrence records, not population counts"
North Carolina,1992,5,Peromyscus leucopus,"GBIF occurrence records, not population counts"
North Carolina,1994,2,Peromyscus leucopus,"GBIF occurrence records, not population counts"
North Carolina,1995,15,Peromyscus leucopus,"GBIF occurrence records, not population counts"
North Carolina,1996,9,Peromyscus leucopus,"GBIF occurrence records, not population counts"
North Carolina,1997,20,Peromyscus leucopus,"GBIF occurrence records, not population counts"
North Carolina,1998,12,Peromyscus leucopus,"GBIF occurrence records, not population counts"
North Carolina,2000,4,Peromyscus leucopus,"GBIF occurrence records, not population counts"
North Carolina,2001,8,Peromyscus leucopus,"GBIF occurrence records, not population counts"
North Carolina,2002,2,Peromyscus leucopus,"GBIF occurrence records, not population counts"
North Carolina,2003,2,Peromyscus leucopus,"GBIF occurrence records, not population counts"
North Carolina,2004,1,Peromyscus leucopus,"GBIF occurrence records, not population counts"
North Carolina,2005,2,Peromyscus leucopus,"GBIF occurrence records, not population counts"
North Carolina,2006,32,Peromyscus leucopus,"GBIF occurrence records, not population counts"
North Carolina,2007,12,Peromyscus leucopus,"GBIF occurrence records, not population counts"
North Carolina,2008,6,Peromyscus leucopus,"GBIF occurrence records, not population counts"
North Carolina,2009,8,Peromyscus leucopus,"GBIF occurrence records, not population counts"
North Carolina,2010,16,Peromyscus leucopus,"GBIF occurrence records, not population counts"
North Carolina,2011,7,Peromyscus leucopus,"GBIF occurrence records, not population counts"
North Carolina,2012,6,Peromyscus leucopus,"GBIF occurrence records, not population counts"
North Carolina,2013,1,Peromyscus leucopus,"GBIF occurrence records, not population counts"
North Carolina,2014,2,Peromyscus leucopus,"GBIF occurrence records, not population counts"
North Carolina,2015,2,Peromyscus leucopus,"GBIF occurrence records, not population counts"
North Carolina,2016,4,Peromyscus leucopus,"GBIF occurrence records, not population counts"
North Carolina,2017,1,Peromyscus leucopus,"GBIF occurrence records, not population counts"
North Carolina,2018,1,Peromyscus leucopus,"GBIF occurrence records, not population counts"
North Carolina,2019,7,Peromyscus leucopus,"GBIF occurrence records, not population counts"
North Carolina,2020,139,Peromyscus leucopus,"GBIF occurrence records, not population counts"
North Carolina,2021,43,Peromyscus leucopus,"GBIF occurrence records, not population counts"
North Carolina,2022,18,Peromyscus leucopus,"GBIF occurrence records, not population counts"
North Carolina,2023,47,Peromyscus leucopus,"GBIF occurrence records, not population counts"
North Dakota,1994,25,Peromyscus leucopus,"GBIF occurrence records, not population counts"
North Dakota,1995,27,Peromyscus leucopus,"GBIF occurrence records, not population counts"
North Dakota,1996,7,Peromyscus leucopus,"GBIF occurrence records, not population counts"
North Dakota,2000,4,Peromyscus leucopus,"GBIF occurrence records, not population counts"
North Dakota,2004,1,Peromyscus leucopus,"GBIF occurrence records, not population counts"
North Dakota,2016,32,Peromyscus leucopus,"GBIF occurrence records, not population counts"
North Dakota,2017,8,Peromyscus leucopus,"GBIF occurrence records, not population counts"
North Dakota,2018,46,Peromyscus leucopus,"GBIF occurrence records, not population counts"
North Dakota,2019,102,Peromyscus leucopus,"GBIF occurrence records, not population counts"
North Dakota,2020,17,Peromyscus leucopus,"GBIF occurrence records, not population counts"
North Dakota,2021,25,Peromyscus leucopus,"GBIF occurrence records, not population counts"
North Dakota,2022,105,Peromyscus leucopus,"GBIF occurrence records, not population counts"
North Dakota,2023,129,Peromyscus leucopus,"GBIF occurrence records, not population counts"
Ohio,1992,35,Peromyscus leucopus,"GBIF occurrence records, not population counts"
Ohio,1993,10,Peromyscus leucopus,"GBIF occurrence records, not population counts"
Ohio,1994,30,Peromyscus leucopus,"GBIF occurrence records, not population counts"
Ohio,1995,5,Peromyscus leucopus,"GBIF occurrence records, not population counts"
Ohio,1996,1,Peromyscus leucopus,"GBIF occurrence records, not population counts"
Ohio,1997,3,Peromyscus leucopus,"GBIF occurrence records, not population counts"
Ohio,1998,4,Peromyscus leucopus,"GBIF occurrence records, not population counts"
Ohio,2002,2,Peromyscus leucopus,"GBIF occurrence records, not population counts"
Ohio,2004,19,Peromyscus leucopus,"GBIF occurrence records, not population counts"
Ohio,2005,56,Peromyscus leucopus,"GBIF occurrence records, not population counts"
Ohio,2006,3,Peromyscus leucopus,"GBIF occurrence records, not population counts"
Ohio,2007,2,Peromyscus leucopus,"GBIF occurrence records, not population counts"
Ohio,2009,3,Peromyscus leucopus,"GBIF occurrence records, not population counts"
Ohio,2010,15,Peromyscus leucopus,"GBIF occurrence records, not population counts"
Ohio,2011,6,Peromyscus leucopus,"GBIF occurrence records, not population counts"
Ohio,2012,6,Peromyscus leucopus,"GBIF occurrence records, not population counts"
Ohio,2013,1,Peromyscus leucopus,"GBIF occurrence records, not population counts"
Ohio,2014,5,Peromyscus leucopus,"GBIF occurrence records, not population counts"
Ohio,2015,5,Peromyscus leucopus,"GBIF occurrence records, not population counts"
Ohio,2016,10,Peromyscus leucopus,"GBIF occurrence records, not population counts"
Ohio,2017,5,Peromyscus leucopus,"GBIF occurrence records, not population counts"
Ohio,2018,8,Peromyscus leucopus,"GBIF occurrence records, not population counts"
Ohio,2019,10,Peromyscus leucopus,"GBIF occurrence records, not population counts"
Ohio,2020,14,Peromyscus leucopus,"GBIF occurrence records, not population counts"
Ohio,2021,17,Peromyscus leucopus,"GBIF occurrence records, not population counts"
Ohio,2022,33,Peromyscus leucopus,"GBIF occurrence records, not population counts"
Ohio,2023,44,Peromyscus leucopus,"GBIF occurrence records, not population counts"
Oklahoma,1992,614,Peromyscus leucopus,"GBIF occurrence records, not population counts"
Oklahoma,1993,583,Peromyscus leucopus,"GBIF occurrence records, not population counts"
Oklahoma,1994,26,Peromyscus leucopus,"GBIF occurrence records, not population counts"
Oklahoma,1995,131,Peromyscus leucopus,"GBIF occurrence records, not population counts"
Oklahoma,1996,21,Peromyscus leucopus,"GBIF occurrence records, not population counts"
Oklahoma,1997,13,Peromyscus leucopus,"GBIF occurrence records, not population counts"
Oklahoma,1998,9,Peromyscus leucopus,"GBIF occurrence records, not population counts"
Oklahoma,1999,4,Peromyscus leucopus,"GBIF occurrence records, not population counts"
Oklahoma,2000,10,Peromyscus leucopus,"GBIF occurrence records, not population counts"
Oklahoma,2002,22,Peromyscus leucopus,"GBIF occurrence records, not population counts"
Oklahoma,2003,66,Peromyscus leucopus,"GBIF occurrence records, not population counts"
Oklahoma,2004,80,Peromyscus leucopus,"GBIF occurrence records, not population counts"
Oklahoma,2005,49,Peromyscus leucopus,"GBIF occurrence records, not population counts"
Oklahoma,2006,31,Peromyscus leucopus,"GBIF occurrence records, not population counts"
Oklahoma,2007,1,Peromyscus leucopus,"GBIF occurrence records, not population counts"
Oklahoma,2008,42,Peromyscus leucopus,"GBIF occurrence records, not population counts"
Oklahoma,2009,15,Peromyscus leucopus,"GBIF occurrence records, not population counts"
Oklahoma,2010,24,Peromyscus leucopus,"GBIF occurrence records, not population counts"
Oklahoma,2011,36,Peromyscus leucopus,"GBIF occurrence records, not population counts"
Oklahoma,2012,30,Peromyscus leucopus,"GBIF occurrence records, not population counts"
Oklahoma,2013,9,Peromyscus leucopus,"GBIF occurrence records, not population counts"
Oklahoma,2014,48,Peromyscus leucopus,"GBIF occurrence records, not population counts"
Oklahoma,2015,48,Peromyscus leucopus,"GBIF occurrence records, not population counts"
Oklahoma,2016,66,Peromyscus leucopus,"GBIF occurrence records, not population counts"
Oklahoma,2017,16,Peromyscus leucopus,"GBIF occurrence records, not population counts"
Oklahoma,2018,25,Peromyscus leucopus,"GBIF occurrence records, not population counts"
Oklahoma,2019,16,Peromyscus leucopus,"GBIF occurrence records, not population counts"
Oklahoma,2020,1,Peromyscus leucopus,"GBIF occurrence records, not population counts"
Oklahoma,2021,16,Peromyscus leucopus,"GBIF occurrence records, not population counts"
Oklahoma,2022,71,Peromyscus leucopus,"GBIF occurrence records, not population counts"
Oklahoma,2023,70,Peromyscus leucopus,"GBIF occurrence records, not population counts"
Pennsylvania,1992,5,Peromyscus leucopus,"GBIF occurrence records, not population counts"
Pennsylvania,1993,1,Peromyscus leucopus,"GBIF occurrence records, not population counts"
Pennsylvania,1994,31,Peromyscus leucopus,"GBIF occurrence records, not population counts"
Pennsylvania,1995,2,Peromyscus leucopus,"GBIF occurrence records, not population counts"
Pennsylvania,1996,1,Peromyscus leucopus,"GBIF occurrence records, not population counts"
Pennsylvania,1997,3,Peromyscus leucopus,"GBIF occurrence records, not population counts"
Pennsylvania,1998,14,Peromyscus leucopus,"GBIF occurrence records, not population counts"
Pennsylvania,1999,124,Peromyscus leucopus,"GBIF occurrence records, not population counts"
Pennsylvania,2000,5,Peromyscus leucopus,"GBIF occurrence records, not population counts"
Pennsylvania,2002,1,Peromyscus leucopus,"GBIF occurrence records, not population counts"
Pennsylvania,2003,24,Peromyscus leucopus,"GBIF occurrence records, not population counts"
Pennsylvania,2006,27,Peromyscus leucopus,"GBIF occurrence records, not population counts"
Pennsylvania,2012,3,Peromyscus leucopus,"GBIF occurrence records, not population counts"
Pennsylvania,2014,2,Peromyscus leucopus,"GBIF occurrence records, not population counts"
Pennsylvania,2015,3,Peromyscus leucopus,"GBIF occurrence records, not population counts"
Pennsylvania,2017,4,Peromyscus leucopus,"GBIF occurrence records, not population counts"
Pennsylvania,2018,3,Peromyscus leucopus,"GBIF occurrence records, not population counts"
Pennsylvania,2019,13,Peromyscus leucopus,"GBIF occurrence records, not population counts"
Pennsylvania,2020,24,Peromyscus leucopus,"GBIF occurrence records, not population counts"
Pennsylvania,2021,24,Peromyscus leucopus,"GBIF occurrence records, not population counts"
Pennsylvania,2022,20,Peromyscus leucopus,"GBIF occurrence records, not population counts"
Pennsylvania,2023,25,Peromyscus leucopus,"GBIF occurrence records, not population counts"
Rhode Island,1994,70,Peromyscus leucopus,"GBIF occurrence records, not population counts"
Rhode Island,2002,32,Peromyscus leucopus,"GBIF occurrence records, not population counts"
Rhode Island,2003,26,Peromyscus leucopus,"GBIF occurrence records, not population counts"
Rhode Island,2004,35,Peromyscus leucopus,"GBIF occurrence records, not population counts"
Rhode Island,2005,4,Peromyscus leucopus,"GBIF occurrence records, not population counts"
Rhode Island,2006,1,Peromyscus leucopus,"GBIF occurrence records, not population counts"
Rhode Island,2015,1,Peromyscus leucopus,"GBIF occurrence records, not population counts"
Rhode Island,2016,1,Peromyscus leucopus,"GBIF occurrence records, not population counts"
Rhode Island,2018,1,Peromyscus leucopus,"GBIF occurrence records, not population counts"
Rhode Island,2019,1,Peromyscus leucopus,"GBIF occurrence records, not population counts"
Rhode Island,2020,5,Peromyscus leucopus,"GBIF occurrence records, not population counts"
Rhode Island,2021,9,Peromyscus leucopus,"GBIF occurrence records, not population counts"
Rhode Island,2022,4,Peromyscus leucopus,"GBIF occurrence records, not population counts"
Rhode Island,2023,4,Peromyscus leucopus,"GBIF occurrence records, not population counts"
South Carolina,1993,2,Peromyscus leucopus,"GBIF occurrence records, not population counts"
South Carolina,2008,9,Peromyscus leucopus,"GBIF occurrence records, not population counts"
South Carolina,2022,1,Peromyscus leucopus,"GBIF occurrence records, not population counts"
South Dakota,1992,20,Peromyscus leucopus,"GBIF occurrence records, not population counts"
South Dakota,1994,67,Peromyscus leucopus,"GBIF occurrence records, not population counts"
South Dakota,1995,87,Peromyscus leucopus,"GBIF occurrence records, not population counts"
South Dakota,1998,2,Peromyscus leucopus,"GBIF occurrence records, not population counts"
South Dakota,2001,1,Peromyscus leucopus,"GBIF occurrence records, not population counts"
South Dakota,2008,1,Peromyscus leucopus,"GBIF occurrence records, not population counts"
South Dakota,2009,1,Peromyscus leucopus,"GBIF occurrence records, not population counts"
South Dakota,2015,1,Peromyscus leucopus,"GBIF occurrence records, not population counts"
South Dakota,2021,7,Peromyscus leucopus,"GBIF occurrence records, not population counts"
South dakota,2002,1,Peromyscus leucopus,"GBIF occurrence records, not population counts"
South dakota,2003,3,Peromyscus leucopus,"GBIF occurrence records, not population counts"
Tennessee,1992,63,Peromyscus leucopus,"GBIF occurrence records, not population counts"
Tennessee,1993,73,Peromyscus leucopus,"GBIF occurrence records, not population counts"
Tennessee,1994,13,Peromyscus leucopus,"GBIF occurrence records, not population counts"
Tennessee,1995,37,Peromyscus leucopus,"GBIF occurrence records, not population counts"
Tennessee,1996,19,Peromyscus leucopus,"GBIF occurrence records, not population counts"
Tennessee,1997,115,Peromyscus leucopus,"GBIF occurrence records, not population counts"
Tennessee,1998,52,Peromyscus leucopus,"GBIF occurrence records, not population counts"
Tennessee,1999,98,Peromyscus leucopus,"GBIF occurrence records, not population counts"
Tennessee,2000,172,Peromyscus leucopus,"GBIF occurrence records, not population counts"
Tennessee,2001,97,Peromyscus leucopus,"GBIF occurrence records, not population counts"
Tennessee,2002,282,Peromyscus leucopus,"GBIF occurrence records, not population counts"
Tennessee,2003,266,Peromyscus leucopus,"GBIF occurrence records, not population counts"
Tennessee,2004,136,Peromyscus leucopus,"GBIF occurrence records, not population counts"
Tennessee,2005,25,Peromyscus leucopus,"GBIF occurrence records, not population counts"
Tennessee,2006,265,Peromyscus leucopus,"GBIF occurrence records, not population counts"
Tennessee,2007,12,Peromyscus leucopus,"GBIF occurrence records, not population counts"
Tennessee,2008,99,Peromyscus leucopus,"GBIF occurrence records, not population counts"
Tennessee,2009,57,Peromyscus leucopus,"GBIF occurrence records, not population counts"
Tennessee,2010,44,Peromyscus leucopus,"GBIF occurrence records, not population counts"
Tennessee,2011,56,Peromyscus leucopus,"GBIF occurrence records, not population counts"
Tennessee,2012,12,Peromyscus leucopus,"GBIF occurrence records, not population counts"
Tennessee,2013,158,Peromyscus leucopus,"GBIF occurrence records, not population counts"
Tennessee,2014,4,Peromyscus leucopus,"GBIF occurrence records, not population counts"
Tennessee,2015,4,Peromyscus leucopus,"GBIF occurrence records, not population counts"
Tennessee,2016,303,Peromyscus leucopus,"GBIF occurrence records, not population counts"
Tennessee,2017,192,Peromyscus leucopus,"GBIF occurrence records, not population counts"
Tennessee,2018,620,Peromyscus leucopus,"GBIF occurrence records, not population counts"
Tennessee,2019,494,Peromyscus leucopus,"GBIF occurrence records, not population counts"
Tennessee,2020,255,Peromyscus leucopus,"GBIF occurrence records, not population counts"
Tennessee,2021,660,Peromyscus leucopus,"GBIF occurrence records, not population counts"
Tennessee,2022,414,Peromyscus leucopus,"GBIF occurrence records, not population counts"
Tennessee,2023,383,Peromyscus leucopus,"GBIF occurrence records, not population counts"
Texas,1992,226,Peromyscus leucopus,"GBIF occurrence records, not population counts"
Texas,1993,101,Peromyscus leucopus,"GBIF occurrence records, not population counts"
Texas,1994,76,Peromyscus leucopus,"GBIF occurrence records, not population counts"
Texas,1995,82,Peromyscus leucopus,"GBIF occurrence records, not population counts"
Texas,1996,138,Peromyscus leucopus,"GBIF occurrence records, not population counts"
Texas,1997,118,Peromyscus leucopus,"GBIF occurrence records, not population counts"
Texas,1998,23,Peromyscus leucopus,"GBIF occurrence records, not population counts"
Texas,1999,51,Peromyscus leucopus,"GBIF occurrence records, not population counts"
Texas,2000,27,Peromyscus leucopus,"GBIF occurrence records, not population counts"
Texas,2001,7,Peromyscus leucopus,"GBIF occurrence records, not population counts"
Texas,2002,34,Peromyscus leucopus,"GBIF occurrence records, not population counts"
Texas,2003,33,Peromyscus leucopus,"GBIF occurrence records, not population counts"
Texas,2004,40,Peromyscus leucopus,"GBIF occurrence records, not population counts"
Texas,2005,34,Peromyscus leucopus,"GBIF occurrence records, not population counts"
Texas,2006,3,Peromyscus leucopus,"GBIF occurrence records, not population counts"
Texas,2007,9,Peromyscus leucopus,"GBIF occurrence records, not population counts"
Texas,2008,3,Peromyscus leucopus,"GBIF occurrence records, not population counts"
Texas,2009,10,Peromyscus leucopus,"GBIF occurrence records, not population counts"
Texas,2010,7,Peromyscus leucopus,"GBIF occurrence records, not population counts"
Texas,2011,8,Peromyscus leucopus,"GBIF occurrence records, not population counts"
Texas,2012,44,Peromyscus leucopus,"GBIF occurrence records, not population counts"
Texas,2013,84,Peromyscus leucopus,"GBIF occurrence records, not population counts"
Texas,2014,121,Peromyscus leucopus,"GBIF occurrence records, not population counts"
Texas,2015,272,Peromyscus leucopus,"GBIF occurrence records, not population counts"
Texas,2016,146,Peromyscus leucopus,"GBIF occurrence records, not population counts"
Texas,2017,228,Peromyscus leucopus,"GBIF occurrence records, not population counts"
Texas,2018,235,Peromyscus leucopus,"GBIF occurrence records, not population counts"
Texas,2019,135,Peromyscus leucopus,"GBIF occurrence records, not population counts"
Texas,2020,58,Peromyscus leucopus,"GBIF occurrence records, not population counts"
Texas,2021,32,Peromyscus leucopus,"GBIF occurrence records, not population counts"
Texas,2022,107,Peromyscus leucopus,"GBIF occurrence records, not population counts"
Texas,2023,145,Peromyscus leucopus,"GBIF occurrence records, not population counts"
Vermont,2001,1,Peromyscus leucopus,"GBIF occurrence records, not population counts"
Vermont,2008,5,Peromyscus leucopus,"GBIF occurrence records, not population counts"
Vermont,2016,1,Peromyscus leucopus,"GBIF occurrence records, not population counts"
Vermont,2023,2,Peromyscus leucopus,"GBIF occurrence records, not population counts"
Virginia,1992,1,Peromyscus leucopus,"GBIF occurrence records, not population counts"
Virginia,1993,3,Peromyscus leucopus,"GBIF occurrence records, not population counts"
Virginia,1994,171,Peromyscus leucopus,"GBIF occurrence records, not population counts"
Virginia,1995,23,Peromyscus leucopus,"GBIF occurrence records, not population counts"
Virginia,1996,63,Peromyscus leucopus,"GBIF occurrence records, not population counts"
Virginia,1997,53,Peromyscus leucopus,"GBIF occurrence records, not population counts"
Virginia,1998,3,Peromyscus leucopus,"GBIF occurrence records, not population counts"
Virginia,1999,30,Peromyscus leucopus,"GBIF occurrence records, not population counts"
Virginia,2000,1,Peromyscus leucopus,"GBIF occurrence records, not population counts"
Virginia,2001,3,Peromyscus leucopus,"GBIF occurrence records, not population counts"
Virginia,2002,2,Peromyscus leucopus,"GBIF occurrence records, not population counts"
Virginia,2003,7,Peromyscus leucopus,"GBIF occurrence records, not population counts"
Virginia,2004,4,Peromyscus leucopus,"GBIF occurrence records, not population counts"
Virginia,2005,3,Peromyscus leucopus,"GBIF occurrence records, not population counts"
Virginia,2007,1,Peromyscus leucopus,"GBIF occurrence records, not population counts"
Virginia,2008,7,Peromyscus leucopus,"GBIF occurrence records, not population counts"
Virginia,2009,14,Peromyscus leucopus,"GBIF occurrence records, not population counts"
Virginia,2012,39,Peromyscus leucopus,"GBIF occurrence records, not population counts"
Virginia,2013,4,Peromyscus leucopus,"GBIF occurrence records, not population counts"
Virginia,2014,74,Peromyscus leucopus,"GBIF occurrence records, not population counts"
Virginia,2015,382,Peromyscus leucopus,"GBIF occurrence records, not population counts"
Virginia,2016,390,Peromyscus leucopus,"GBIF occurrence records, not population counts"
Virginia,2017,296,Peromyscus leucopus,"GBIF occurrence records, not population counts"
Virginia,2018,987,Peromyscus leucopus,"GBIF occurrence records, not population counts"
Virginia,2019,1023,Peromyscus leucopus,"GBIF occurrence records, not population counts"
Virginia,2020,866,Peromyscus leucopus,"GBIF occurrence records, not population counts"
Virginia,2021,978,Peromyscus leucopus,"GBIF occurrence records, not population counts"
Virginia,2022,1225,Peromyscus leucopus,"GBIF occurrence records, not population counts"
Virginia,2023,1554,Peromyscus leucopus,"GBIF occurrence records, not population counts"
Washington,2003,4,Peromyscus leucopus,"GBIF occurrence records, not population counts"
West Virginia,1993,2,Peromyscus leucopus,"GBIF occurrence records, not population counts"
West Virginia,2001,1,Peromyscus leucopus,"GBIF occurrence records, not population counts"
West Virginia,2011,14,Peromyscus leucopus,"GBIF occurrence records, not population counts"
West Virginia,2012,12,Peromyscus leucopus,"GBIF occurrence records, not population counts"
West Virginia,2013,4,Peromyscus leucopus,"GBIF occurrence records, not population counts"
West Virginia,2015,7,Peromyscus leucopus,"GBIF occurrence records, not population counts"
West Virginia,2018,1,Peromyscus leucopus,"GBIF occurrence records, not population counts"
West Virginia,2019,28,Peromyscus leucopus,"GBIF occurrence records, not population counts"
West Virginia,2020,1,Peromyscus leucopus,"GBIF occurrence records, not population counts"
West Virginia,2021,1,Peromyscus leucopus,"GBIF occurrence records, not population counts"
West Virginia,2022,4,Peromyscus leucopus,"GBIF occurrence records, not population counts"
West Virginia,2023,1,Peromyscus leucopus,"GBIF occurrence records, not population counts"
Wisconsin,1992,187,Peromyscus leucopus,"GBIF occurrence records, not population counts"
Wisconsin,1993,13,Peromyscus leucopus,"GBIF occurrence records, not population counts"
Wisconsin,1994,31,Peromyscus leucopus,"GBIF occurrence records, not population counts"
Wisconsin,1996,73,Peromyscus leucopus,"GBIF occurrence records, not population counts"
Wisconsin,1997,11,Peromyscus leucopus,"GBIF occurrence records, not population counts"
Wisconsin,1998,10,Peromyscus leucopus,"GBIF occurrence records, not population counts"
Wisconsin,2002,8,Peromyscus leucopus,"GBIF occurrence records, not population counts"
Wisconsin,2003,10,Peromyscus leucopus,"GBIF occurrence records, not population counts"
Wisconsin,2004,7,Peromyscus leucopus,"GBIF occurrence records, not population counts"
Wisconsin,2005,8,Peromyscus leucopus,"GBIF occurrence records, not population counts"
Wisconsin,2006,15,Peromyscus leucopus,"GBIF occurrence records, not population counts"
Wisconsin,2007,12,Peromyscus leucopus,"GBIF occurrence records, not population counts"
Wisconsin,2008,41,Peromyscus leucopus,"GBIF occurrence records, not population counts"
Wisconsin,2009,79,Peromyscus leucopus,"GBIF occurrence records, not population counts"
Wisconsin,2010,79,Peromyscus leucopus,"GBIF occurrence records, not population counts"
Wisconsin,2011,45,Peromyscus leucopus,"GBIF occurrence records, not population counts"
Wisconsin,2012,8,Peromyscus leucopus,"GBIF occurrence records, not population counts"
Wisconsin,2013,8,Peromyscus leucopus,"GBIF occurrence records, not population counts"
Wisconsin,2014,49,Peromyscus leucopus,"GBIF occurrence records, not population counts"
Wisconsin,2016,174,Peromyscus leucopus,"GBIF occurrence records, not population counts"
Wisconsin,2017,164,Peromyscus leucopus,"GBIF occurrence records, not population counts"
Wisconsin,2018,454,Peromyscus leucopus,"GBIF occurrence records, not population counts"
Wisconsin,2019,323,Peromyscus leucopus,"GBIF occurrence records, not population counts"
Wisconsin,2020,1272,Peromyscus leucopus,"GBIF occurrence records, not population counts"
Wisconsin,2021,433,Peromyscus leucopus,"GBIF occurrence records, not population counts"
Wisconsin,2022,575,Peromyscus leucopus,"GBIF occurrence records, not population counts"
Wisconsin,2023,787,Peromyscus leucopus,"GBIF occurrence records, not population counts"
Wyoming,1993,1,Peromyscus leucopus,"GBIF occurrence records, not population counts"
Wyoming,1996,5,Peromyscus leucopus,"GBIF occurrence records, not population counts"
Wyoming,1997,2,Peromyscus leucopus,"GBIF occurrence records, not population counts"
